{"count":14,"results":[{"id":5,"user_id":16,"team_id":7,"name":"Hint 11","description":"Hint for Decrypt :)","date":"2021-04-25T03:40:31","value":-20,"category":"hints","icon":null,"requirements":null,"type":"standard"},{"id":6,"user_id":23,"team_id":12,"name":"Hint 11","description":"Hint for Decrypt :)","date":"2021-04-25T04:07:49","value":-20,"category":"hints","icon":null,"requirements":null,"type":"standard"},{"id":7,"user_id":23,"team_id":12,"name":"Hint 15","description":"Hint for Jack\u2019s Discord Bot","date":"2021-04-25T04:29:15","value":-10,"category":"hints","icon":null,"requirements":null,"type":"standard"},{"id":8,"user_id":12,"team_id":5,"name":"Hint 11","description":"Hint for Decrypt :)","date":"2021-04-25T05:30:16","value":-20,"category":"hints","icon":null,"requirements":null,"type":"standard"},{"id":9,"user_id":9,"team_id":10,"name":"Hint 21","description":"Hint for Hacklab's Website","date":"2021-04-25T17:55:00","value":-10,"category":"hints","icon":null,"requirements":null,"type":"standard"},{"id":10,"user_id":20,"team_id":11,"name":"Hint 12","description":"Hint for Find Version #","date":"2021-04-26T03:24:02","value":-10,"category":"hints","icon":null,"requirements":null,"type":"standard"},{"id":11,"user_id":9,"team_id":10,"name":"Hint 20","description":"Hint for Hacklab's Website","date":"2021-04-26T12:39:52","value":-20,"category":"hints","icon":null,"requirements":null,"type":"standard"},{"id":12,"user_id":9,"team_id":10,"name":"Hint 8","description":"Hint for Longbottom's Locker","date":"2021-04-26T12:41:19","value":-20,"category":"hints","icon":null,"requirements":null,"type":"standard"},{"id":13,"user_id":9,"team_id":10,"name":"Hint 9","description":"Hint for Longbottom's Locker","date":"2021-04-26T12:41:25","value":-10,"category":"hints","icon":null,"requirements":null,"type":"standard"},{"id":14,"user_id":9,"team_id":10,"name":"Hint 1","description":"Hint for Hard Password","date":"2021-04-26T12:43:35","value":-15,"category":"hints","icon":null,"requirements":null,"type":"standard"},{"id":15,"user_id":9,"team_id":10,"name":"Hint 4","description":"Hint for Exatlon","date":"2021-04-26T12:43:43","value":-10,"category":"hints","icon":null,"requirements":null,"type":"standard"},{"id":16,"user_id":9,"team_id":10,"name":"Hint 5","description":"Hint for Exatlon","date":"2021-04-26T12:43:46","value":-10,"category":"hints","icon":null,"requirements":null,"type":"standard"},{"id":17,"user_id":9,"team_id":10,"name":"Hint 6","description":"Hint for The Other Way","date":"2021-04-26T12:45:54","value":-10,"category":"hints","icon":null,"requirements":null,"type":"standard"},{"id":18,"user_id":9,"team_id":10,"name":"Hint 7","description":"Hint for The Other Way","date":"2021-04-26T12:45:58","value":-15,"category":"hints","icon":null,"requirements":null,"type":"standard"}],"meta":{}}