{"count":21,"results":[{"id":1,"name":"Hard Password","description":"Are you able to cheat me and get the flag?","max_attempts":0,"value":50,"category":"Security - Medium","type":"standard","state":"visible","requirements":null},{"id":2,"name":"Basic Skills","description":"Show us your basic skills! (P.S. There are 4 ways to solve this, are you willing to try them all?)","max_attempts":0,"value":10,"category":"Security - Easy","type":"standard","state":"visible","requirements":null},{"id":4,"name":"Exatlon","description":"Can you find the password?","max_attempts":0,"value":50,"category":"Security - Medium","type":"standard","state":"visible","requirements":null},{"id":5,"name":"The Other Way","description":"During an assessment of a unix system, the security team found a suspicious directory. They looked at everything within but couldn't find any files with malicious intent.\r\n\r\nNote: When unzipping, don't use Windows (Use Linux)","max_attempts":0,"value":50,"category":"Security - Medium","type":"standard","state":"visible","requirements":null},{"id":6,"name":"Longbottom's Locker","description":"Break into Longbottom's vault and steal his secrets.","max_attempts":0,"value":80,"category":"Security - Medium","type":"standard","state":"visible","requirements":null},{"id":7,"name":"Binary Question","description":"01010111 01101000 01101111 00100000 01101001 01110011 00100000 01101000 01101111 01110011 01110100 01101001 01101110 01100111 00100000 00100111 01010100 01101000 01100101 00100000 01010011 01101000 01101111 01110111 00100111 00100000 00101000 01000001 01100010 01100010 01110010 01100101 01110110 01101001 01100001 01110100 01101001 01101111 01101110 00100000 01101111 01101110 01101100 01111001 00101001\r\n","max_attempts":0,"value":10,"category":"Other - Easy","type":"standard","state":"visible","requirements":null},{"id":9,"name":"Name the building","description":"CSSC Jack: Where do go next?\r\nThe Map: VJJWSRFN WNWMJVXFRWJW\r\n","max_attempts":0,"value":10,"category":"Other - Easy","type":"standard","state":"visible","requirements":null},{"id":11,"name":"Jack's Taxes","description":"When filing his taxes, Jack realized that something wasn't quite adding up.\r\n\r\nSpecifically, you need to find two entries that sum to 2020 and then multiply those two numbers together.\r\n\r\nExample:\r\n1721\r\n979\r\n366\r\n299\r\n675\r\n1456\r\n1322\r\n\r\nIn this list, the two entries that sum to 2020 are 1721 and 299. Multiplying them together produces 514579 which is the correct answer.","max_attempts":0,"value":20,"category":"Leetcode","type":"standard","state":"visible","requirements":null},{"id":12,"name":"Jack's Taxes 2.0","description":"Jack solved the mistake when doing his taxes! By doing so, MCSS has asked him to fix their tax issues as well\r\n\r\nFind the 3 numbers that sum up to 2020 and return the product of the three entries.","max_attempts":0,"value":40,"category":"Leetcode","type":"standard","state":"visible","requirements":{"prerequisites":[]}},{"id":14,"name":"Math with Jack","description":"Jack has invented a new math rule to replace the old operator precedence. In the new rule, the equations are evaluated from left to right regardless of the operator.\r\n\r\nFor example, given:\r\n1 + 2 * 3 + 4\r\n\r\nIn the old math rule:\r\n= 1 + 6 + 4\r\n= 11\r\n\r\nIn Jack's new rule:\r\n= 3 * 3 + 4\r\n= 9 + 4\r\n= 13\r\n\r\nNote: Parentheses do still take priority\r\nFor example, given:\r\n1 + (2 * 3) + 4\r\nIn Jack's new rule we would get:\r\n= 1 + 6 + 4\r\n= 11\r\n\r\nSolve the following equation for Jack where for each line you'll sum up the values","max_attempts":0,"value":50,"category":"Leetcode","type":"standard","state":"visible","requirements":null},{"id":16,"name":"Decrypt :)","description":"Decrypt the message in the .txt file","max_attempts":0,"value":30,"category":"Other - Easy","type":"standard","state":"visible","requirements":null},{"id":17,"name":"Arnold's Homepage","description":"A mischievous mascot hid a secret message on Arnold's Homepage.\r\nFind out what they said!","max_attempts":0,"value":50,"category":"Other - Hard","type":"standard","state":"visible","requirements":null},{"id":18,"name":"Find Version #","description":"What version of Ubuntu does cs.utm.utoronto.ca use?","max_attempts":0,"value":20,"category":"Security - Easy","type":"standard","state":"visible","requirements":null},{"id":19,"name":"Jack\u2019s Discord Bot","description":"Jack created a new Discord Bot using a new source control platform, can you find the hidden flag that Jack hid?","max_attempts":0,"value":30,"category":"Security - Easy","type":"standard","state":"visible","requirements":null},{"id":20,"name":"Jack\u2019s USB Log","description":"Jack received a USB Log from his friend who has been dumping all the USB events on his Linux host. One day, some bad guys stole data from his machine when they broke into his home. Can you help Jack figure out any leftover evidence from the bad guys? ","max_attempts":0,"value":50,"category":"Other - Hard","type":"standard","state":"visible","requirements":null},{"id":21,"name":"Suspicious Image","description":"Jack received a suspicious image from the Queen the other day, can you try and figure out what the image is","max_attempts":0,"value":30,"category":"Security - Medium","type":"standard","state":"visible","requirements":null},{"id":22,"name":"Mysterious Data File","description":"Jack found a  mysterious data file that he has determined to be a hexdump of a file that has been repeatedly compressed on his computer, he cannot figure out what the file is for or what it does. Please help Jack get to the bottom of this file","max_attempts":0,"value":80,"category":"Security - Hard","type":"standard","state":"visible","requirements":null},{"id":23,"name":"Hacklab's Website","description":"Jack was looking into the old Hacklab website, but he is a little stuck on trying to understand the code and could some use some help.","max_attempts":0,"value":50,"category":"Other - Medium","type":"standard","state":"visible","requirements":null},{"id":24,"name":"A good warmup","description":"The flag is stored in the file Stuff.txt and is the only line of text that occurs only once","max_attempts":0,"value":10,"category":"Security - Easy","type":"standard","state":"visible","requirements":null},{"id":25,"name":"Jack's Passwords","description":"Jack recently implemented a new password verification system, and he wants you to help verifiy  a list of passwords.\r\nEach item in the list is given in the format of:\r\n\r\n1-3 a: abcde\r\n1-3 b: cdefg\r\n2-9 c: ccccccccc\r\n\r\nWhere the numbers indicates how many times the letter must appear in password.\r\nIn the above example:\r\nFor the first password, the letter 'a' must appear in the password atleast 1 times and at most 3 times\r\nFor the second password, the letter 'b' must appear in the password atleast 1 times and at most 3 times\r\nFor the third password, the letter 'c' must appear in the password atleast 2 times and at most 9 times\r\nTherefore, the second password is not valid, and we only have 2 valid passwords\r\n\r\nJack wants you to find how many passwords are valid in his current database.","max_attempts":0,"value":50,"category":"Leetcode","type":"standard","state":"visible","requirements":null},{"id":26,"name":"Freebie","description":"Free points","max_attempts":0,"value":10,"category":"Other - Easy","type":"standard","state":"visible","requirements":null}],"meta":{}}