{"count":32,"results":[{"id":1,"type":"standard","location":"906a4a80770aff1816ff464faff14bf1/Asset_1.svg","challenge_id":null,"page_id":null},{"id":2,"type":"standard","location":"fcfbb80176175e3159a77cdd2c7ab250/Asset_1.svg","challenge_id":null,"page_id":null},{"id":3,"type":"standard","location":"9a8e5f53b4bc9ef34056c4653a613ebe/Asset_1.svg","challenge_id":null,"page_id":null},{"id":4,"type":"standard","location":"156b08befed06ed8e20295ef1f4d4c00/CTF.png","challenge_id":null,"page_id":null},{"id":5,"type":"standard","location":"2e591dd51fc6ff077d655477842d0605/CTF.png","challenge_id":null,"page_id":null},{"id":6,"type":"standard","location":"eb70223c3c3ba34284d8565b30f1892d/Asset_1.svg","challenge_id":null,"page_id":null},{"id":7,"type":"standard","location":"50a121886e71557f705e8e561b09c370/CTF.png","challenge_id":null,"page_id":null},{"id":8,"type":"standard","location":"c8dbe03de77e9cb2658e8042cc265717/Asset_1.svg","challenge_id":null,"page_id":null},{"id":9,"type":"standard","location":"da6c4f345a003db2b038e6b6f6bc69b4/CTF.png","challenge_id":null,"page_id":null},{"id":10,"type":"standard","location":"e48195aecb1be3210d7e2e3083170dd6/Asset_1.svg","challenge_id":null,"page_id":null},{"id":11,"type":"standard","location":"09f1c5f8619a5acbed08a3a08f098868/CTF.png","challenge_id":null,"page_id":null},{"id":14,"type":"challenge","location":"a0a11129b4cc9853165971aa0c7f224b/exatlon_v1","challenge_id":4,"page_id":null},{"id":16,"type":"challenge","location":"5f7c449d32cffccb8e6f27ccb23d738c/longbottoms_locker.zip","challenge_id":6,"page_id":null},{"id":17,"type":"challenge","location":"63cd9cd5372f153d59e08ec0162c3fbc/basic_skills","challenge_id":2,"page_id":null},{"id":18,"type":"challenge","location":"ef04d53e1412bfcf7231fe09f2859694/hard_password.bin","challenge_id":1,"page_id":null},{"id":19,"type":"challenge","location":"a4894d7547baa225b3cd0455734fd265/theotherway.zip","challenge_id":5,"page_id":null},{"id":20,"type":"challenge","location":"b317c1f2212b435535420f769f81f7b2/Jacks_Taxes.txt","challenge_id":11,"page_id":null},{"id":22,"type":"challenge","location":"68488c1cf40e5b79bc7231f698cafa1f/MathWithJack.txt","challenge_id":14,"page_id":null},{"id":24,"type":"challenge","location":"df1d800211de4206ff8e39786d4448e1/Arnolds_Homepage.html","challenge_id":17,"page_id":null},{"id":25,"type":"challenge","location":"91db6ee13cf9902c40e9a84cb1434ad6/decrypt.txt","challenge_id":16,"page_id":null},{"id":26,"type":"challenge","location":"d4f8c43a851fcaf5732636c8cf79dd9a/Jacks_Discord_Bot.zip","challenge_id":19,"page_id":null},{"id":27,"type":"challenge","location":"7d7965e90597785fcdbf76de25cbe3c4/Suspicious_Image.png","challenge_id":21,"page_id":null},{"id":28,"type":"challenge","location":"86e4b4bbe0d6f789db4885a925656667/data.txt","challenge_id":22,"page_id":null},{"id":29,"type":"challenge","location":"e660efb6c37f8afbe8eab4ad6581975f/Hacklab.zip","challenge_id":23,"page_id":null},{"id":30,"type":"challenge","location":"e7c62f2cfc42758c7f2a4816dc9b178f/Stuff.txt","challenge_id":24,"page_id":null},{"id":31,"type":"challenge","location":"e3da72bfc2e55eb2983af29e74b6b9f1/passwords.txt","challenge_id":25,"page_id":null},{"id":32,"type":"standard","location":"d74f7031804df98d1c60c1bf3adec064/CTF.png","challenge_id":null,"page_id":null},{"id":33,"type":"standard","location":"19173e4e2f6882e9401d25a346e60097/CTF.png","challenge_id":null,"page_id":null},{"id":34,"type":"page","location":"45f0a53462caff9afad51540ef1af67a/CTF.png","challenge_id":null,"page_id":null},{"id":35,"type":"challenge","location":"c1b305ae3fa2752afe40380c3d6210c4/Freebie.txt","challenge_id":26,"page_id":null},{"id":36,"type":"challenge","location":"f546e4d65a66c2cddc4db93f5ef47026/input.txt","challenge_id":12,"page_id":null},{"id":37,"type":"challenge","location":"75ebc107cc2ade48c0fbbb6663d97117/Jacks_USB_Log.zip","challenge_id":20,"page_id":null}],"meta":{}}