{"count":21,"results":[{"id":1,"challenge_id":1,"type":"static","content":"HTB{40b949f92b86b18}","data":""},{"id":2,"challenge_id":2,"type":"static","content":"HTB{B4BY_R3V_TH4TS_EZ}","data":""},{"id":3,"challenge_id":4,"type":"static","content":"HTB{l3g1c3l_sh1ft_l3ft_1nsr3ct1on!!}","data":""},{"id":4,"challenge_id":5,"type":"static","content":"HTB{DIR3ctLy_1n_Pl41n_Si7e}","data":""},{"id":5,"challenge_id":6,"type":"static","content":"HTB{n3v1LL3_Da_burM3s3-pyth0n_sL4y3r}","data":""},{"id":6,"challenge_id":7,"type":"static","content":"MCSS","data":"case_insensitive"},{"id":7,"challenge_id":9,"type":"static","content":"MAANJIWE NENDAMOWINAN","data":"case_insensitive"},{"id":8,"challenge_id":11,"type":"static","content":"1007331","data":""},{"id":9,"challenge_id":12,"type":"static","content":"48914340","data":""},{"id":10,"challenge_id":14,"type":"static","content":"11076907812171","data":"case_insensitive"},{"id":11,"challenge_id":16,"type":"static","content":"Welcome to The Show CTF!","data":""},{"id":12,"challenge_id":17,"type":"static","content":"Potato","data":""},{"id":13,"challenge_id":18,"type":"static","content":"18.04.5","data":""},{"id":14,"challenge_id":19,"type":"static","content":"HTB{v3rsi0n_c0ntr0l_am_I_right?}","data":""},{"id":15,"challenge_id":20,"type":"static","content":"mychemicalromance","data":""},{"id":16,"challenge_id":21,"type":"static","content":"THEBABINGTONPLOT","data":"case_insensitive"},{"id":17,"challenge_id":22,"type":"static","content":"8ZjyCRiBWFYkneahHwxCv3wb2a1ORpYL","data":""},{"id":18,"challenge_id":23,"type":"static","content":"W3Lc0m3_70_J4V45CR1p7_d30bFu5C4710N","data":""},{"id":19,"challenge_id":24,"type":"static","content":"UsvVyFSfZZWbi6wgC7dAFyFuR6jQQUhR","data":""},{"id":20,"challenge_id":25,"type":"static","content":"560","data":""},{"id":23,"challenge_id":26,"type":"static","content":"freebie","data":"case_insensitive"}],"meta":{}}