{"count":20,"results":[{"id":1,"type":"standard","challenge_id":1,"content":"Try searching for radare2","cost":15,"requirements":null},{"id":2,"type":"standard","challenge_id":2,"content":"Try 'cat' on the file","cost":0,"requirements":null},{"id":4,"type":"standard","challenge_id":4,"content":"Use radare2 and upx","cost":10,"requirements":null},{"id":5,"type":"standard","challenge_id":4,"content":"Each number is a multiple of 16","cost":10,"requirements":null},{"id":6,"type":"standard","challenge_id":5,"content":"Take a look at Base64 encoding","cost":10,"requirements":null},{"id":7,"type":"standard","challenge_id":5,"content":"If the folder 'S' contains the file \"1\" => In the encoded string, position 1 is \"S\".","cost":15,"requirements":null},{"id":8,"type":"standard","challenge_id":6,"content":"You can extract the pickle file by writing a Python script","cost":20,"requirements":null},{"id":9,"type":"standard","challenge_id":6,"content":"Take a look at the extension of socute.jpg. (i.e. Should it really be .jpg?)","cost":10,"requirements":null},{"id":11,"type":"standard","challenge_id":16,"content":"Keep decrypting over and over again :)","cost":20,"requirements":null},{"id":12,"type":"standard","challenge_id":18,"content":"SSH into the UTM VM's ;)","cost":10,"requirements":null},{"id":13,"type":"standard","challenge_id":19,"content":"Check for hidden folders","cost":10,"requirements":null},{"id":15,"type":"standard","challenge_id":19,"content":"Check the git logs","cost":10,"requirements":null},{"id":16,"type":"standard","challenge_id":20,"content":"Check the Serial Numbers and the Manufacturer Numbers","cost":20,"requirements":null},{"id":17,"type":"standard","challenge_id":20,"content":"MD5","cost":10,"requirements":null},{"id":18,"type":"standard","challenge_id":21,"content":"Read the description carefully","cost":0,"requirements":null},{"id":19,"type":"standard","challenge_id":22,"content":"Useful Commands:\ngrep, sort, uniq, strings, base64, tr, tar, gzip, bzip2, xxd, mkdir, cp, mv, file","cost":25,"requirements":null},{"id":20,"type":"standard","challenge_id":23,"content":"Look into JS Obfuscator","cost":20,"requirements":null},{"id":21,"type":"standard","challenge_id":23,"content":"Look for any unnecessary code","cost":10,"requirements":null},{"id":22,"type":"standard","challenge_id":24,"content":"Look into the commands 'sort' and 'uniq'","cost":0,"requirements":null},{"id":23,"type":"standard","challenge_id":26,"content":"Freebie","cost":0,"requirements":null}],"meta":{}}