{"count":1,"results":[{"id":13,"title":"Sleep!","content":"Hey yall! Hope you guys had a great time at The Show and are also enjoying the CTF! The CSSC team will be heading to sleep (soon tm)\r\nIf you have any questions, you can ping me (Chris) or leave them in the CTF chat and I'll try my best to answer them when I'm up :)\r\n\r\nTeam KayKayCarry and Boosey are in the running for first place! \r\nWe might add in a few more questions (Maybe more leetcode questions to get some extra points ;) )\r\n\r\nOnce again, at the end of the event we'll post some rough solutions/writeups to these challenges!\r\n- CSSC ","date":"2021-04-25T06:21:06","user_id":null,"team_id":null}],"meta":{}}