{"count":2,"results":[{"id":1,"title":"Home","route":"index","content":"<div class=\"row\">\r\n    <div class=\"col-md-6 offset-md-3\">\r\n        <img class=\"w-100 mx-auto d-block\" style=\"max-width: 500px;padding: 50px;padding-top: 14vh;\" src=\"/files/45f0a53462caff9afad51540ef1af67a/CTF.png\" />\r\n        <h3 class=\"text-center\">\r\n            <p>Welcome to The Show CTF!</p>\r\n        </h3>\r\n        <br>\r\n    </div>\r\n</div>","draft":0,"hidden":0,"auth_required":0},{"id":2,"title":"How to play","route":"rules","content":"<div class=\"row\">\r\n    <div class=\"col-md-6 offset-md-3\">\r\n        <img class=\"w-100 mx-auto d-block\" style=\"max-width: 500px;padding: 50px;padding-top: 14vh;\" src=\"/files/45f0a53462caff9afad51540ef1af67a/CTF.png\" />\r\n        <h3 class=\"text-center\">\r\n            <p>1. Click on any challenge</p>\r\n          \t<p>2. Download any files (if applicable)</p>\r\n          \t<p>3. Input the correct flag to get points</p>\r\n          \t<p>4. Solve as many challenges as you can!</p>\r\n            <p>You can also redeem your points in exchange for some hints!</p>\r\n          <p>Some browsers might detect some files as a virus. Rest assured they're not ;)</p>\r\n        </h3>\r\n        <br>\r\n    </div>\r\n</div>","draft":0,"hidden":0,"auth_required":0}],"meta":{}}