{"count":154,"results":[{"id":7,"challenge_id":2,"user_id":9,"team_id":10},{"id":11,"challenge_id":7,"user_id":16,"team_id":7},{"id":17,"challenge_id":24,"user_id":9,"team_id":10},{"id":22,"challenge_id":26,"user_id":16,"team_id":7},{"id":23,"challenge_id":26,"user_id":12,"team_id":5},{"id":25,"challenge_id":26,"user_id":9,"team_id":10},{"id":28,"challenge_id":7,"user_id":9,"team_id":10},{"id":30,"challenge_id":16,"user_id":16,"team_id":7},{"id":31,"challenge_id":22,"user_id":12,"team_id":5},{"id":37,"challenge_id":26,"user_id":14,"team_id":6},{"id":38,"challenge_id":18,"user_id":9,"team_id":10},{"id":41,"challenge_id":23,"user_id":19,"team_id":9},{"id":46,"challenge_id":24,"user_id":18,"team_id":8},{"id":51,"challenge_id":7,"user_id":3,"team_id":2},{"id":54,"challenge_id":11,"user_id":20,"team_id":11},{"id":55,"challenge_id":24,"user_id":12,"team_id":5},{"id":59,"challenge_id":26,"user_id":8,"team_id":3},{"id":62,"challenge_id":26,"user_id":3,"team_id":2},{"id":64,"challenge_id":26,"user_id":28,"team_id":14},{"id":74,"challenge_id":26,"user_id":2,"team_id":1},{"id":75,"challenge_id":18,"user_id":12,"team_id":5},{"id":76,"challenge_id":26,"user_id":4,"team_id":9},{"id":78,"challenge_id":26,"user_id":18,"team_id":8},{"id":81,"challenge_id":18,"user_id":16,"team_id":7},{"id":82,"challenge_id":26,"user_id":29,"team_id":16},{"id":83,"challenge_id":7,"user_id":4,"team_id":9},{"id":91,"challenge_id":9,"user_id":26,"team_id":7},{"id":92,"challenge_id":7,"user_id":23,"team_id":12},{"id":93,"challenge_id":7,"user_id":12,"team_id":5},{"id":104,"challenge_id":2,"user_id":18,"team_id":8},{"id":105,"challenge_id":26,"user_id":23,"team_id":12},{"id":114,"challenge_id":7,"user_id":14,"team_id":6},{"id":124,"challenge_id":16,"user_id":18,"team_id":8},{"id":128,"challenge_id":7,"user_id":7,"team_id":3},{"id":129,"challenge_id":24,"user_id":16,"team_id":7},{"id":134,"challenge_id":7,"user_id":27,"team_id":14},{"id":137,"challenge_id":9,"user_id":17,"team_id":6},{"id":140,"challenge_id":9,"user_id":7,"team_id":3},{"id":147,"challenge_id":9,"user_id":4,"team_id":9},{"id":149,"challenge_id":16,"user_id":23,"team_id":12},{"id":150,"challenge_id":22,"user_id":9,"team_id":10},{"id":155,"challenge_id":18,"user_id":30,"team_id":6},{"id":156,"challenge_id":2,"user_id":16,"team_id":7},{"id":157,"challenge_id":26,"user_id":25,"team_id":15},{"id":169,"challenge_id":17,"user_id":9,"team_id":10},{"id":170,"challenge_id":2,"user_id":30,"team_id":6},{"id":171,"challenge_id":24,"user_id":14,"team_id":6},{"id":172,"challenge_id":9,"user_id":27,"team_id":14},{"id":173,"challenge_id":24,"user_id":7,"team_id":3},{"id":175,"challenge_id":18,"user_id":4,"team_id":9},{"id":179,"challenge_id":24,"user_id":23,"team_id":12},{"id":186,"challenge_id":11,"user_id":13,"team_id":3},{"id":187,"challenge_id":9,"user_id":23,"team_id":12},{"id":189,"challenge_id":24,"user_id":19,"team_id":9},{"id":191,"challenge_id":18,"user_id":23,"team_id":12},{"id":197,"challenge_id":11,"user_id":12,"team_id":5},{"id":202,"challenge_id":12,"user_id":13,"team_id":3},{"id":206,"challenge_id":18,"user_id":7,"team_id":3},{"id":209,"challenge_id":24,"user_id":28,"team_id":14},{"id":210,"challenge_id":12,"user_id":19,"team_id":9},{"id":217,"challenge_id":19,"user_id":23,"team_id":12},{"id":223,"challenge_id":18,"user_id":27,"team_id":14},{"id":225,"challenge_id":7,"user_id":31,"team_id":8},{"id":228,"challenge_id":2,"user_id":23,"team_id":12},{"id":229,"challenge_id":9,"user_id":31,"team_id":8},{"id":231,"challenge_id":17,"user_id":23,"team_id":12},{"id":241,"challenge_id":2,"user_id":27,"team_id":14},{"id":245,"challenge_id":11,"user_id":31,"team_id":8},{"id":249,"challenge_id":19,"user_id":17,"team_id":6},{"id":251,"challenge_id":12,"user_id":31,"team_id":8},{"id":252,"challenge_id":6,"user_id":12,"team_id":5},{"id":254,"challenge_id":12,"user_id":20,"team_id":11},{"id":255,"challenge_id":11,"user_id":16,"team_id":7},{"id":259,"challenge_id":17,"user_id":17,"team_id":6},{"id":266,"challenge_id":25,"user_id":31,"team_id":8},{"id":267,"challenge_id":25,"user_id":20,"team_id":11},{"id":268,"challenge_id":25,"user_id":19,"team_id":9},{"id":269,"challenge_id":11,"user_id":17,"team_id":6},{"id":271,"challenge_id":2,"user_id":12,"team_id":5},{"id":275,"challenge_id":12,"user_id":17,"team_id":6},{"id":276,"challenge_id":25,"user_id":13,"team_id":3},{"id":278,"challenge_id":18,"user_id":18,"team_id":8},{"id":291,"challenge_id":26,"user_id":20,"team_id":11},{"id":303,"challenge_id":9,"user_id":9,"team_id":10},{"id":304,"challenge_id":7,"user_id":20,"team_id":11},{"id":305,"challenge_id":22,"user_id":8,"team_id":3},{"id":306,"challenge_id":25,"user_id":30,"team_id":6},{"id":316,"challenge_id":20,"user_id":23,"team_id":12},{"id":317,"challenge_id":1,"user_id":32,"team_id":8},{"id":320,"challenge_id":24,"user_id":20,"team_id":11},{"id":321,"challenge_id":22,"user_id":18,"team_id":8},{"id":325,"challenge_id":11,"user_id":4,"team_id":9},{"id":333,"challenge_id":11,"user_id":23,"team_id":12},{"id":335,"challenge_id":6,"user_id":8,"team_id":3},{"id":336,"challenge_id":25,"user_id":12,"team_id":5},{"id":339,"challenge_id":22,"user_id":14,"team_id":6},{"id":341,"challenge_id":4,"user_id":7,"team_id":3},{"id":342,"challenge_id":1,"user_id":7,"team_id":3},{"id":347,"challenge_id":12,"user_id":23,"team_id":12},{"id":348,"challenge_id":6,"user_id":32,"team_id":8},{"id":350,"challenge_id":4,"user_id":12,"team_id":5},{"id":351,"challenge_id":17,"user_id":7,"team_id":3},{"id":353,"challenge_id":20,"user_id":30,"team_id":6},{"id":359,"challenge_id":5,"user_id":8,"team_id":3},{"id":362,"challenge_id":21,"user_id":18,"team_id":8},{"id":363,"challenge_id":2,"user_id":7,"team_id":3},{"id":382,"challenge_id":19,"user_id":7,"team_id":3},{"id":396,"challenge_id":21,"user_id":14,"team_id":6},{"id":406,"challenge_id":7,"user_id":34,"team_id":18},{"id":408,"challenge_id":26,"user_id":34,"team_id":18},{"id":411,"challenge_id":25,"user_id":23,"team_id":12},{"id":412,"challenge_id":23,"user_id":30,"team_id":6},{"id":413,"challenge_id":20,"user_id":7,"team_id":3},{"id":427,"challenge_id":14,"user_id":13,"team_id":3},{"id":428,"challenge_id":6,"user_id":30,"team_id":6},{"id":429,"challenge_id":14,"user_id":23,"team_id":12},{"id":452,"challenge_id":14,"user_id":17,"team_id":6},{"id":454,"challenge_id":23,"user_id":7,"team_id":3},{"id":459,"challenge_id":17,"user_id":31,"team_id":8},{"id":465,"challenge_id":21,"user_id":13,"team_id":3},{"id":483,"challenge_id":5,"user_id":31,"team_id":8},{"id":493,"challenge_id":16,"user_id":7,"team_id":3},{"id":496,"challenge_id":5,"user_id":30,"team_id":6},{"id":497,"challenge_id":24,"user_id":34,"team_id":18},{"id":501,"challenge_id":11,"user_id":34,"team_id":18},{"id":502,"challenge_id":12,"user_id":34,"team_id":18},{"id":505,"challenge_id":25,"user_id":34,"team_id":18},{"id":507,"challenge_id":17,"user_id":34,"team_id":18},{"id":508,"challenge_id":19,"user_id":9,"team_id":10},{"id":509,"challenge_id":2,"user_id":19,"team_id":9},{"id":510,"challenge_id":20,"user_id":9,"team_id":10},{"id":512,"challenge_id":14,"user_id":20,"team_id":11},{"id":519,"challenge_id":19,"user_id":19,"team_id":9},{"id":520,"challenge_id":6,"user_id":19,"team_id":9},{"id":521,"challenge_id":1,"user_id":19,"team_id":9},{"id":522,"challenge_id":20,"user_id":19,"team_id":9},{"id":523,"challenge_id":16,"user_id":9,"team_id":10},{"id":531,"challenge_id":4,"user_id":4,"team_id":9},{"id":532,"challenge_id":11,"user_id":9,"team_id":10},{"id":533,"challenge_id":25,"user_id":9,"team_id":10},{"id":534,"challenge_id":9,"user_id":12,"team_id":5},{"id":535,"challenge_id":12,"user_id":12,"team_id":5},{"id":537,"challenge_id":1,"user_id":12,"team_id":5},{"id":538,"challenge_id":17,"user_id":12,"team_id":5},{"id":539,"challenge_id":5,"user_id":12,"team_id":5},{"id":541,"challenge_id":7,"user_id":10,"team_id":4},{"id":542,"challenge_id":26,"user_id":10,"team_id":4},{"id":554,"challenge_id":19,"user_id":12,"team_id":5},{"id":563,"challenge_id":14,"user_id":18,"team_id":8},{"id":567,"challenge_id":4,"user_id":18,"team_id":8},{"id":572,"challenge_id":20,"user_id":32,"team_id":8},{"id":575,"challenge_id":23,"user_id":18,"team_id":8},{"id":592,"challenge_id":1,"user_id":14,"team_id":6},{"id":599,"challenge_id":19,"user_id":18,"team_id":8}],"meta":{}}