{"count":17,"results":[{"id":1,"oauth_id":null,"name":"Cool Team","email":"hello@hiimchrislim.co","password":"$bcrypt-sha256$2b,12$ob5neADBQIm5AlV9HVR29O$fHvw/pSuQAdqflOaps7HLlmbrMjjZra","secret":null,"website":null,"affiliation":null,"country":null,"bracket":null,"hidden":1,"banned":0,"created":"2021-04-21T21:19:17","captain_id":2},{"id":2,"oauth_id":null,"name":"Anas","email":null,"password":"$bcrypt-sha256$2b,12$owXCthBjHVaWn0QxJl8epu$DYWQPa5hPyY1x6LjjGvIUYFvXJ5f98G","secret":null,"website":null,"affiliation":null,"country":null,"bracket":null,"hidden":0,"banned":0,"created":"2021-04-24T21:53:48","captain_id":3},{"id":3,"oauth_id":null,"name":"kaykaycarry","email":null,"password":"$bcrypt-sha256$2b,12$Qx79iZuX/u4oJ1xtFMk/9O$b1meB3mZbLecUucA8ru1OsZh3wuvt8G","secret":null,"website":null,"affiliation":null,"country":null,"bracket":null,"hidden":0,"banned":0,"created":"2021-04-24T22:33:51","captain_id":8},{"id":4,"oauth_id":null,"name":"the","email":null,"password":"$bcrypt-sha256$2b,12$a6dwSOFm5triFuuTHqqeuu$XmX82DtVEgTbtGHcZTVhUUmBEwu5eDW","secret":null,"website":null,"affiliation":null,"country":null,"bracket":null,"hidden":0,"banned":0,"created":"2021-04-24T22:53:31","captain_id":10},{"id":5,"oauth_id":null,"name":"password","email":null,"password":"$bcrypt-sha256$2b,12$syd/v0Cth9CuyGDrQ1LTQO$CP1MeC5iLmnhn4rDQ..ePGs.NjkT0kq","secret":null,"website":null,"affiliation":null,"country":null,"bracket":null,"hidden":0,"banned":0,"created":"2021-04-24T23:03:20","captain_id":12},{"id":6,"oauth_id":null,"name":"WubbaDubbaDoo","email":null,"password":"$bcrypt-sha256$2b,12$8SnA.5LEHF6K4T15ZDrR1u$k7fXoOWPQGpipfp3LgxULkmpx.cLGGa","secret":null,"website":null,"affiliation":null,"country":null,"bracket":null,"hidden":0,"banned":0,"created":"2021-04-24T23:20:04","captain_id":14},{"id":7,"oauth_id":null,"name":"725","email":null,"password":"$bcrypt-sha256$2b,12$UtIpz3hZlYGySEqumpokMO$1ufFmP95fBBINXxthnGr8CfbnJveRPy","secret":null,"website":null,"affiliation":null,"country":null,"bracket":null,"hidden":0,"banned":0,"created":"2021-04-24T23:23:01","captain_id":16},{"id":8,"oauth_id":null,"name":"Boosey","email":null,"password":"$bcrypt-sha256$2b,12$v.9sG/F07M9zPzEUaqZWQu$BmoHWN1nMeZk6L3tA0ERxQy2zamJaSu","secret":null,"website":null,"affiliation":null,"country":null,"bracket":null,"hidden":0,"banned":0,"created":"2021-04-24T23:27:41","captain_id":18},{"id":9,"oauth_id":null,"name":"Sinan","email":null,"password":"$bcrypt-sha256$2b,12$YLeqNOw5P8JTpv7Gj2vKi.$IZTot732Kg7Urw8dFWFfY44LPsRtP2u","secret":null,"website":null,"affiliation":null,"country":null,"bracket":null,"hidden":0,"banned":0,"created":"2021-04-25T03:20:47","captain_id":19},{"id":10,"oauth_id":null,"name":"monkeyman","email":null,"password":"$bcrypt-sha256$2b,12$GWq7g3xSWC2hKwpFVSEQp.$SbzaYTtHgd0Y68ODAMIhn13u8P96oG.","secret":null,"website":null,"affiliation":null,"country":null,"bracket":null,"hidden":0,"banned":0,"created":"2021-04-25T03:30:17","captain_id":9},{"id":11,"oauth_id":null,"name":"0","email":null,"password":"$bcrypt-sha256$2b,12$7cFYa8StAmyzeIBEY0Ul.O$.7BCflRl/3IItjyeeGCmRnUGRXatMlm","secret":null,"website":null,"affiliation":null,"country":null,"bracket":null,"hidden":0,"banned":0,"created":"2021-04-25T03:37:09","captain_id":20},{"id":12,"oauth_id":null,"name":"MireShire","email":null,"password":"$bcrypt-sha256$2b,12$7b.dCgfWgaoJuArhT41S/e$mYXB6FRtD/mTg/gjORBjCXRPevTZJDK","secret":null,"website":null,"affiliation":null,"country":null,"bracket":null,"hidden":0,"banned":0,"created":"2021-04-25T03:48:11","captain_id":23},{"id":14,"oauth_id":null,"name":"losing team","email":null,"password":"$bcrypt-sha256$2b,12$RihyCQoBZh1Fr9IDC.9teu$zpkHaJFOL/3OU/8u6VxdV.9hHh6LDl2","secret":null,"website":null,"affiliation":null,"country":null,"bracket":null,"hidden":0,"banned":0,"created":"2021-04-25T03:50:50","captain_id":27},{"id":15,"oauth_id":null,"name":"dubs","email":null,"password":"$bcrypt-sha256$2b,12$/ioycL8LXbaNjh63050CTu$IC7xVex3bY7nAf1AMyeIYR.5VEx.brK","secret":null,"website":null,"affiliation":null,"country":null,"bracket":null,"hidden":0,"banned":0,"created":"2021-04-25T03:52:01","captain_id":24},{"id":16,"oauth_id":null,"name":"_private","email":null,"password":"$bcrypt-sha256$2b,12$pFr.aqA2TPVgYkPrmjuYLe$HyeG.Svk9bCnvmuU8bYcynQjrcTMGB6","secret":null,"website":null,"affiliation":null,"country":null,"bracket":null,"hidden":0,"banned":0,"created":"2021-04-25T03:55:49","captain_id":29},{"id":17,"oauth_id":null,"name":"jailbreak","email":null,"password":"$bcrypt-sha256$2b,12$wW.6tXZwjlYSk5g6om6jX.$Uj4bl0h5.dkpqIU4E8RQ4x9M3sGorLG","secret":null,"website":null,"affiliation":null,"country":null,"bracket":null,"hidden":0,"banned":0,"created":"2021-04-25T05:29:11","captain_id":33},{"id":18,"oauth_id":null,"name":"sk","email":null,"password":"$bcrypt-sha256$2b,12$A9EzbpSgzVuonrdn2bgddO$Ed9388.O0KM9LRjzWUNYMiZytkMgvxK","secret":null,"website":null,"affiliation":null,"country":null,"bracket":null,"hidden":0,"banned":0,"created":"2021-04-25T06:37:50","captain_id":34}],"meta":{}}