{"count":14,"results":[{"id":5,"user_id":16,"team_id":7,"target":11,"date":"2021-04-25T03:40:31","type":"hints"},{"id":6,"user_id":23,"team_id":12,"target":11,"date":"2021-04-25T04:07:49","type":"hints"},{"id":7,"user_id":23,"team_id":12,"target":15,"date":"2021-04-25T04:29:15","type":"hints"},{"id":8,"user_id":12,"team_id":5,"target":11,"date":"2021-04-25T05:30:16","type":"hints"},{"id":9,"user_id":9,"team_id":10,"target":21,"date":"2021-04-25T17:55:00","type":"hints"},{"id":10,"user_id":20,"team_id":11,"target":12,"date":"2021-04-26T03:24:01","type":"hints"},{"id":11,"user_id":9,"team_id":10,"target":20,"date":"2021-04-26T12:39:52","type":"hints"},{"id":12,"user_id":9,"team_id":10,"target":8,"date":"2021-04-26T12:41:19","type":"hints"},{"id":13,"user_id":9,"team_id":10,"target":9,"date":"2021-04-26T12:41:25","type":"hints"},{"id":14,"user_id":9,"team_id":10,"target":1,"date":"2021-04-26T12:43:35","type":"hints"},{"id":15,"user_id":9,"team_id":10,"target":4,"date":"2021-04-26T12:43:43","type":"hints"},{"id":16,"user_id":9,"team_id":10,"target":5,"date":"2021-04-26T12:43:46","type":"hints"},{"id":17,"user_id":9,"team_id":10,"target":6,"date":"2021-04-26T12:45:54","type":"hints"},{"id":18,"user_id":9,"team_id":10,"target":7,"date":"2021-04-26T12:45:58","type":"hints"}],"meta":{}}