{"count":34,"results":[{"id":1,"oauth_id":null,"name":"utmctf","password":"$bcrypt-sha256$2b,12$baScu8FG04Mi.SeQRnVPd.$IvPdUeIx5v9EvejSWW7ZqaDOAfHxDMW","email":"hello@hiimchrislim.co","type":"admin","secret":null,"website":"https://cssc.utm.utoronto.ca","affiliation":"UTM","country":"CA","bracket":null,"hidden":1,"banned":0,"verified":0,"team_id":null,"created":"2021-04-21T20:07:17"},{"id":2,"oauth_id":null,"name":"hiimchrislim","password":"$bcrypt-sha256$2b,12$oF3QsXldDeyWsdOht./j2e$MffgwFrGETISTWlbogAMsHfQM7JOyuG","email":"me@hiimchrislim.co","type":"admin","secret":null,"website":null,"affiliation":null,"country":null,"bracket":null,"hidden":1,"banned":0,"verified":0,"team_id":1,"created":"2021-04-21T21:19:04"},{"id":3,"oauth_id":null,"name":"anas.k__","password":"$bcrypt-sha256$2b,12$Ea5D1ONFk1QJqI0UBwF7cO$dlLgNHfnIC60BV/V6Dn670mo5.Nq.9K","email":"anas.khan@mail.utoronto.ca","type":"user","secret":null,"website":null,"affiliation":null,"country":null,"bracket":null,"hidden":0,"banned":0,"verified":0,"team_id":2,"created":"2021-04-24T21:53:14"},{"id":4,"oauth_id":null,"name":"Khao","password":"$bcrypt-sha256$2b,12$4JjN8npT54gJwH30Nf1hW.$.LFiJH8FLgYXtn9TmdzRUQJ3VsD6.1O","email":"nicholas.phanthasomchit@mail.utoronto.ca","type":"user","secret":null,"website":null,"affiliation":null,"country":null,"bracket":null,"hidden":0,"banned":0,"verified":0,"team_id":9,"created":"2021-04-24T21:58:26"},{"id":5,"oauth_id":null,"name":"Fungucide","password":"$bcrypt-sha256$2b,12$T.dlt/Og0v3oS7NxgcJx/O$1IpX.FXC.crYWLsF.mTRlYJkWfugtg.","email":"wc.fung@mail.utoronto.ca","type":"user","secret":null,"website":null,"affiliation":null,"country":null,"bracket":null,"hidden":0,"banned":0,"verified":0,"team_id":null,"created":"2021-04-24T22:09:03"},{"id":6,"oauth_id":null,"name":"aNdroid","password":"$bcrypt-sha256$2b,12$ZKVRTZ3UVe1p.3Va6AuwMO$dSZCGIEn1S5lMB4HtmJtIySmthg7jN6","email":"seappharith.suon@mail.utoronto.ca","type":"user","secret":null,"website":null,"affiliation":null,"country":null,"bracket":null,"hidden":0,"banned":0,"verified":0,"team_id":null,"created":"2021-04-24T22:32:41"},{"id":7,"oauth_id":null,"name":"kay911kay","password":"$bcrypt-sha256$2b,12$9S7ugMyuG0VpcGntq0XZU.$CKPACrCQ6FHGfSBGk3wfVbeDrfs2Stu","email":"ununified.wang@mail.utoronto.ca","type":"user","secret":null,"website":null,"affiliation":null,"country":null,"bracket":null,"hidden":0,"banned":0,"verified":0,"team_id":3,"created":"2021-04-24T22:32:57"},{"id":8,"oauth_id":null,"name":"TheRaghavSharma","password":"$bcrypt-sha256$2b,12$L2.F4XbivAU2qUnWjl.A2u$.JB2yYssrEjroS3G1C/Ywy0vjixoyy6","email":"theraghavsharma@outlook.com","type":"user","secret":null,"website":null,"affiliation":null,"country":null,"bracket":null,"hidden":0,"banned":0,"verified":0,"team_id":3,"created":"2021-04-24T22:33:18"},{"id":9,"oauth_id":null,"name":"oldmanjenkins","password":"$bcrypt-sha256$2b,12$dkFu6IIcbkfjXhmMIqyLxO$HV5pW2OYJX58ER9evV64SuFWCzHV9J2","email":"syed.mohammed@mail.utoronto.ca","type":"user","secret":null,"website":null,"affiliation":null,"country":null,"bracket":null,"hidden":0,"banned":0,"verified":0,"team_id":10,"created":"2021-04-24T22:38:51"},{"id":10,"oauth_id":null,"name":"Hazelstorm","password":"$bcrypt-sha256$2b,12$GT8181tPCSFW8pb4rOav7O$iUNIYUvcCMRfMivlWe8Wc9y8LIFo.sm","email":"sloan.chochinov@mail.utoronto.ca","type":"user","secret":null,"website":null,"affiliation":null,"country":null,"bracket":null,"hidden":0,"banned":0,"verified":0,"team_id":4,"created":"2021-04-24T22:45:26"},{"id":11,"oauth_id":null,"name":"ethannomiddlenamelam","password":"$bcrypt-sha256$2b,12$82PieTDwZJ9LC5lV0FsH6e$YgoiZaILPmKVcVAFzfewX.errW93gPS","email":"afan7117@gmail.com","type":"user","secret":null,"website":null,"affiliation":null,"country":null,"bracket":null,"hidden":0,"banned":0,"verified":0,"team_id":4,"created":"2021-04-24T22:48:45"},{"id":12,"oauth_id":null,"name":"bobthebarnie","password":"$bcrypt-sha256$2b,12$rb5hxc0E/2NKolBGThuxM.$hD/W8sb2y/mVW7F8yc206UNWvq6WrCG","email":"dhaval.malhotra@mail.utoronto.ca","type":"user","secret":null,"website":null,"affiliation":null,"country":null,"bracket":null,"hidden":0,"banned":0,"verified":0,"team_id":5,"created":"2021-04-24T23:02:56"},{"id":13,"oauth_id":null,"name":"Iota","password":"$bcrypt-sha256$2b,12$NR2VRp2jw/yw5nCZ/O5pbu$irFKrys2BeS8dMk8QKdPv8bR1pAnmxe","email":"ritvik.bhardwaj@outlook.com","type":"user","secret":null,"website":null,"affiliation":null,"country":null,"bracket":null,"hidden":0,"banned":0,"verified":0,"team_id":3,"created":"2021-04-24T23:03:14"},{"id":14,"oauth_id":null,"name":"lx1922","password":"$bcrypt-sha256$2b,12$4F.aL3M3S1fpqqC/VQGNQO$IFyFxY/SdQWs1pGrGj8by7YGHas5g86","email":"shrey.vakil@mail.utoronto.ca","type":"user","secret":null,"website":null,"affiliation":null,"country":null,"bracket":null,"hidden":0,"banned":0,"verified":0,"team_id":6,"created":"2021-04-24T23:19:36"},{"id":15,"oauth_id":null,"name":"rbasic","password":"$bcrypt-sha256$2b,12$kj2QyV756OlilcfH49iy5u$wXV8xN7MnGRQ1Pqt9hLtkh8r8Rdrz12","email":"riddhesh.shah@mail.utoronto.ca","type":"user","secret":null,"website":null,"affiliation":null,"country":null,"bracket":null,"hidden":0,"banned":0,"verified":0,"team_id":null,"created":"2021-04-24T23:22:31"},{"id":16,"oauth_id":null,"name":"725","password":"$bcrypt-sha256$2b,12$ebx9bhSXHBueKHbvcnfoGu$l8zkRB5dcYgj.J4pHwyeo5LZSo1q3n6","email":"xinhao.hou@mail.utoronto.ca","type":"user","secret":null,"website":null,"affiliation":null,"country":null,"bracket":null,"hidden":0,"banned":0,"verified":0,"team_id":7,"created":"2021-04-24T23:22:43"},{"id":17,"oauth_id":null,"name":"mtthoag","password":"$bcrypt-sha256$2b,12$60ul7xXxB8Lgka42glBiZO$Bf.AI1hWbCrMZH3kzTgdUMI2J2Ayweq","email":"moagazaly@yahoo.com","type":"user","secret":null,"website":null,"affiliation":null,"country":null,"bracket":null,"hidden":0,"banned":0,"verified":0,"team_id":6,"created":"2021-04-24T23:25:52"},{"id":18,"oauth_id":null,"name":"blackjackk","password":"$bcrypt-sha256$2b,12$EvUvHuR0I5JIANlP447Zue$Ubc3PcIniKOzb.CvtfdNWhIsnZvUrki","email":"giangm@sheridancollege.ca","type":"user","secret":null,"website":null,"affiliation":null,"country":null,"bracket":null,"hidden":0,"banned":0,"verified":0,"team_id":8,"created":"2021-04-24T23:26:38"},{"id":19,"oauth_id":null,"name":"Infusional","password":"$bcrypt-sha256$2b,12$EBJ7gykaBA4NipnqWwyJ6u$V.IqIzh7artBN6JpBw7E1PYZHWG8qqe","email":"johnd.do@mail.utoronto.ca","type":"user","secret":null,"website":null,"affiliation":null,"country":null,"bracket":null,"hidden":0,"banned":0,"verified":0,"team_id":9,"created":"2021-04-25T03:20:13"},{"id":20,"oauth_id":null,"name":"hsdsfhsdj","password":"$bcrypt-sha256$2b,12$4ftrJ8ERm2.b6YCsqliKP.$/tKDRcAV6dVvOJcfSWidQkCt0Xsn9xG","email":"and.liu@mail.utoronto.ca","type":"user","secret":null,"website":null,"affiliation":null,"country":null,"bracket":null,"hidden":0,"banned":0,"verified":0,"team_id":11,"created":"2021-04-25T03:36:38"},{"id":21,"oauth_id":null,"name":"CJKADSYM","password":"$bcrypt-sha256$2b,12$s4QjnyWj2JDPdNA/uS/No.$0oRQ/WzdhFgCKFWfhdUYBFMmSee5uRq","email":"qbw.tanser@gmail.com","type":"user","secret":null,"website":null,"affiliation":null,"country":null,"bracket":null,"hidden":0,"banned":0,"verified":0,"team_id":null,"created":"2021-04-25T03:37:21"},{"id":22,"oauth_id":null,"name":"user123","password":"$bcrypt-sha256$2b,12$tWDPsDNYx1fYQ194.yxLJu$YyqnkJjRylyxZyq9DENNwacjhJWz6Pm","email":"zain.kazmi@utoronto.ca","type":"user","secret":null,"website":null,"affiliation":null,"country":null,"bracket":null,"hidden":0,"banned":0,"verified":0,"team_id":null,"created":"2021-04-25T03:39:28"},{"id":23,"oauth_id":null,"name":"LeMireglo","password":"$bcrypt-sha256$2b,12$qp/27a5znq2KE1kfbuNuC.$oG6TZPk7wZVC5yauEHcgusPNxChpt1q","email":"arsh.khan@mail.utoronto.ca","type":"user","secret":null,"website":null,"affiliation":null,"country":null,"bracket":null,"hidden":0,"banned":0,"verified":0,"team_id":12,"created":"2021-04-25T03:40:34"},{"id":24,"oauth_id":null,"name":"gamer","password":"$bcrypt-sha256$2b,12$m5Ayj836kDZgDvH5MW6Zye$0XXPEQSGE/BzW/JskiG5LaawnLaqSyO","email":"easyascake12@gmail.com","type":"user","secret":null,"website":null,"affiliation":null,"country":null,"bracket":null,"hidden":0,"banned":0,"verified":0,"team_id":15,"created":"2021-04-25T03:47:58"},{"id":25,"oauth_id":null,"name":"shermworm","password":"$bcrypt-sha256$2b,12$L6K3aUXcN9K59mtaxwL37u$M/RTgUq6kUUHu6wjX5q.MVS1MHAeLYG","email":"shermanliu03@gmail.com","type":"user","secret":null,"website":null,"affiliation":null,"country":null,"bracket":null,"hidden":0,"banned":0,"verified":0,"team_id":15,"created":"2021-04-25T03:48:28"},{"id":26,"oauth_id":null,"name":"extremephantom","password":"$bcrypt-sha256$2b,12$DvqFJ6SnY/LBscJoKp6Sf.$ohQtzQ.mKX2OdcxVYN/Yg9Tzo8q0MMy","email":"yunkai.fan@mail.utoronto.ca","type":"user","secret":null,"website":null,"affiliation":null,"country":null,"bracket":null,"hidden":0,"banned":0,"verified":0,"team_id":7,"created":"2021-04-25T03:49:26"},{"id":27,"oauth_id":null,"name":"Pip","password":"$bcrypt-sha256$2b,12$Yb8dCVQ0jXvmSyOnmvYCcu$O2UVNGhGBYSX6nEYBPGQZ5PcZyl.XHq","email":"dabrickmp@gmail.com","type":"user","secret":null,"website":null,"affiliation":null,"country":null,"bracket":null,"hidden":0,"banned":0,"verified":0,"team_id":14,"created":"2021-04-25T03:50:21"},{"id":28,"oauth_id":null,"name":"Karumi","password":"$bcrypt-sha256$2b,12$wUHjTddhOZopcjraLsQYGu$OVUkjIRo5.c8d9lAB4qoeR8sCNLbux6","email":"brytton.tsai@mail.utoronto.ca","type":"user","secret":null,"website":null,"affiliation":null,"country":null,"bracket":null,"hidden":0,"banned":0,"verified":0,"team_id":14,"created":"2021-04-25T03:50:30"},{"id":29,"oauth_id":null,"name":"_tamseel","password":"$bcrypt-sha256$2b,12$iIx2otfpRHutvr8B/2Mmde$v.mSZVesWVtzq5rz2l1cGy47.mpD.zm","email":"tamseelahmed2000@gmail.com","type":"user","secret":null,"website":null,"affiliation":null,"country":null,"bracket":null,"hidden":0,"banned":0,"verified":0,"team_id":16,"created":"2021-04-25T03:55:13"},{"id":30,"oauth_id":null,"name":"rbasic2","password":"$bcrypt-sha256$2b,12$kH7dWZOPE4zUpMITaSN4Lu$H2tVHjw4Ozz8t6Ud/O6RIFe4L59Ayii","email":"riddheshbshah@gmail.com","type":"user","secret":null,"website":null,"affiliation":null,"country":null,"bracket":null,"hidden":0,"banned":0,"verified":0,"team_id":6,"created":"2021-04-25T04:05:45"},{"id":31,"oauth_id":null,"name":"ariannafoo","password":"$bcrypt-sha256$2b,12$jy6CkgmhKo621grvsgp2uu$Wi46AAhnA3GylH3kdYTiVXwaqo989GK","email":"arianna.foo@mail.utoronto.ca","type":"user","secret":null,"website":null,"affiliation":null,"country":null,"bracket":null,"hidden":0,"banned":0,"verified":0,"team_id":8,"created":"2021-04-25T04:28:07"},{"id":32,"oauth_id":null,"name":"hi_im_guardian","password":"$bcrypt-sha256$2b,12$CRkiXstDNoNnlV7VpBMmxe$gyCk1F69cA7rzsCrilxZ3uVmzSj5fXO","email":"chinfabulous@gmail.com","type":"user","secret":null,"website":null,"affiliation":null,"country":null,"bracket":null,"hidden":0,"banned":0,"verified":0,"team_id":8,"created":"2021-04-25T04:34:37"},{"id":33,"oauth_id":null,"name":"jailbreaker","password":"$bcrypt-sha256$2b,12$9p6spGCraC/1ffdb5RZ5T.$/w3SmigzHetm2OfCm9l2ajzu/Uiorie","email":"test@test.com","type":"user","secret":null,"website":null,"affiliation":null,"country":null,"bracket":null,"hidden":0,"banned":0,"verified":0,"team_id":17,"created":"2021-04-25T05:29:02"},{"id":34,"oauth_id":null,"name":"sk001","password":"$bcrypt-sha256$2b,12$1q94MDKQrdHuLRPltKHTrO$hLdmjgktpt2BKBoDzYUwAmLYv59hDGq","email":"swaathib8@gmail.com","type":"user","secret":null,"website":null,"affiliation":null,"country":null,"bracket":null,"hidden":0,"banned":0,"verified":0,"team_id":18,"created":"2021-04-25T06:37:08"}],"meta":{}}